time,r00,r01,r02,r10,r11,r12,r20,r21,r22,t0,t1,t2,pitch,yaw,roll,fx,ox,fy,oy
1465,0.004358758,0.9999629,-0.0074363058,-0.99723774,0.004898033,0.07411379,0.07414746,0.007092723,0.99722207,-0.00034108385,0.001774793,-0.00746094,-0.07418181,-0.007456883,-1.5658847,1506.6976,976.614,1506.6976,723.31146
1501,0.0025628433,0.9999678,-0.0076111928,-0.99720955,0.0031234927,0.07458747,0.07460884,0.0073987995,0.9971854,1.1410564e-05,0.0016867756,-0.008324679,-0.07465681,-0.0076325275,-1.5676641,1506.7874,976.5966,1506.7874,723.3446
1531,0.002492622,0.9999585,-0.008763518,-0.99710274,0.0031515674,0.07600097,0.076025434,0.008548686,0.9970693,0.000675492,0.001718312,-0.009304935,-0.07607433,-0.00878905,-1.5676357,1506.7964,976.60596,1506.7964,723.3414
1563,0.0021805419,0.9998888,-0.014758584,-0.9975956,0.003197389,0.069229834,0.06926931,0.01457214,0.9974916,7.447973e-05,0.0018785006,-0.008513334,-0.06928525,-0.014794618,-1.5675912,1506.6886,976.55554,1506.6886,723.343
1596,0.0021558541,0.9999087,-0.013342968,-0.997871,0.0030208037,0.0651477,0.06518205,0.013174114,0.9977864,0.0005527362,0.0018518488,-0.008889688,-0.06519387,-0.013371773,-1.567769,1506.7245,976.62256,1506.7245,723.3149
1630,0.0019617772,0.9999157,-0.01283651,-0.9978064,0.0028067224,0.066140406,0.06617086,0.012678598,0.99772775,0.0010882877,0.001674728,-0.009997262,-0.06618872,-0.012865035,-1.5679834,1506.8413,976.6518,1506.8413,723.35223
1664,0.00042966704,0.999855,-0.01702531,-0.99773836,0.0015729751,0.06719711,0.06721413,0.016957937,0.99759436,0.00066285953,0.0013621286,-0.01106213,-0.06724778,-0.01706471,-1.5692198,1506.8187,976.63934,1506.8187,723.31116
1698,0.0010454056,0.99986774,-0.016235502,-0.99767804,0.002148446,0.06807198,0.06809785,0.016126646,0.99754834,0.0009528361,0.0010406892,-0.012188526,-0.06812466,-0.016273968,-1.5686429,1506.7336,976.6325,1506.7336,723.3565
1731,-0.0029299739,0.99985325,-0.016882371,-0.9978833,-0.001826623,0.06500375,0.06496336,0.017037097,0.99774224,0.00089667924,0.0009340513,-0.010787788,-0.06504962,-0.01691896,-1.5726268,1506.7426,976.56995,1506.7426,723.3458
1764,-0.0038996066,0.99983704,-0.01763059,-0.9978888,-0.0027478097,0.06488791,0.06482889,0.017846406,0.9977368,0.0010765418,0.00094263116,-0.0106247105,-0.06493353,-0.017668743,-1.57355,1506.8008,976.6731,1506.8008,723.34033
1798,-0.0018411587,0.99982333,-0.018709589,-0.99785256,-0.0006118929,0.065496914,0.065473884,0.018790001,0.9976774,0.001214195,0.0010986148,-0.0112978015,-0.06554383,-0.018750947,-1.5714096,1506.7739,976.61017,1506.7739,723.28705
1831,-0.0025016794,0.9998565,-0.016759047,-0.998059,-0.0014536502,0.062257856,0.062224552,0.016882269,0.9979194,0.0010598786,0.0010747663,-0.011137761,-0.062298145,-0.016792411,-1.5722528,1506.7828,976.60657,1506.7828,723.3304
1864,-0.0032318314,0.99985254,-0.016867483,-0.9982713,-0.0022359095,0.058732223,0.058685843,0.017028136,0.99813133,0.0011484995,0.0010251887,-0.01117542,-0.05876604,-0.016897453,-1.5730361,1506.6842,976.6098,1506.6842,723.3507
1897,-0.0027753396,0.9998033,-0.019635808,-0.9982259,-0.0016020789,0.059516396,0.059473235,0.019766156,0.9980341,0.0012794957,0.0010687899,-0.0119039295,-0.05955159,-0.019671947,-1.5724013,1506.8278,976.61176,1506.8278,723.34515
1931,-0.0044513717,0.99983466,-0.017635,-0.9982503,-0.0034031293,0.059031293,0.058961518,0.017866917,0.99810034,0.0006584376,0.00088058366,-0.010815671,-0.059065633,-0.017666727,-1.5742054,1506.8143,976.62036,1506.8143,723.32196
1964,-0.003779631,0.99984586,-0.017149173,-0.99840397,-0.0028067343,0.056404922,0.05634809,0.017334994,0.9982607,0.00041215867,0.000901063,-0.010412982,-0.056434873,-0.017177364,-1.5736076,1506.7065,976.6179,1506.7065,723.3357
1997,-0.00590953,0.99983615,-0.017109979,-0.99850315,-0.0049695875,0.05446598,0.05437203,0.017406238,0.99836904,0.00061955675,0.0009910441,-0.010915421,-0.054492943,-0.017136253,-1.5757734,1506.7828,976.63837,1506.7828,723.3153
2031,-0.010311523,0.9998188,-0.016004859,-0.9986418,-0.009479284,0.051231414,0.051070414,0.016511396,0.9985585,0.0005057752,0.0006519746,-0.010952994,-0.05125385,-0.01602659,-1.5802882,1506.7426,976.61066,1506.7426,723.3401
2064,-0.008093186,0.9998296,-0.01659799,-0.99868226,-0.007240462,0.050807007,0.050678164,0.016987309,0.9985706,0.00010194257,0.00057276024,-0.011541984,-0.05082889,-0.016620219,-1.5780462,1506.7513,976.5986,1506.7513,723.36835
2097,-0.007476534,0.99980855,-0.018086702,-0.99870914,-0.006557148,0.05036806,0.050239816,0.018439936,0.9985669,-0.00021601655,0.00049035245,-0.012658856,-0.05038938,-0.018110678,-1.5773618,1506.7201,976.6327,1506.7201,723.3234
2131,-0.01059182,0.9998494,-0.013758216,-0.99874026,-0.00990318,0.049191605,0.049047936,0.014261914,0.99869466,-0.00040515698,-0.00017636549,-0.014155611,-0.049211465,-0.013775327,-1.5807117,1506.8008,976.5945,1506.8008,723.3379
2164,-0.010182812,0.999902,-0.009611821,-0.9987582,-0.009701422,0.048866436,0.0487684,0.01009748,0.99875915,-0.00084361807,-0.0005841147,-0.015888225,-0.048885904,-0.009623465,-1.5805095,1506.8008,976.5946,1506.8008,723.37213
2198,-0.011401313,0.99990803,-0.0073567177,-0.9987708,-0.011032812,0.048323408,0.048237793,0.007898627,0.9988046,-0.0014771651,-0.00091932947,-0.017805934,-0.048342235,-0.0073653893,-1.5818423,1506.7513,976.6328,1506.7513,723.3208
2231,-0.01194348,0.99992466,-0.0028417902,-0.99886936,-0.011800002,0.04605012,0.046013117,0.003388575,0.9989351,-0.0024000332,-0.0018902431,-0.018580802,-0.04606641,-0.0028448119,-1.5826092,1506.7336,976.607,1506.7336,723.3141
2264,-0.0045370553,0.9999428,0.009684046,-0.99912256,-0.004936093,0.041587576,0.041633,-0.009486864,0.99908787,-0.004262401,-0.0024753867,-0.020324638,-0.04159957,0.009692583,-1.5757368,1506.7919,976.5798,1506.7919,723.3566
2298,0.0008946716,0.99983835,0.017957067,-0.9995011,0.0003271776,0.031580906,0.031569924,-0.017976368,0.9993399,-0.0061637033,-0.0030251548,-0.022372667,-0.03158616,0.017966995,-1.570469,1506.0692,976.65515,1506.0692,723.2473
2331,-0.0077766445,0.9996953,0.023431681,-0.99963295,-0.008379974,0.025761217,0.025949722,-0.023222743,0.99939346,-0.0070486777,-0.004878917,-0.028425604,-0.025764067,0.023441607,-1.5791792,1506.2354,976.6265,1506.2354,723.20233
2364,-0.010139259,0.9995724,0.02742502,-0.9992388,-0.011161376,0.037376888,0.037667003,-0.027025178,0.9989248,-0.00926692,-0.0059094992,-0.035161205,-0.037385598,0.027447643,-1.5819657,1506.9579,976.62146,1506.9579,723.3055
2398,-0.0019762185,0.99964035,0.02674651,-0.998199,-0.003575588,0.059882287,0.059956383,-0.026580002,0.9978471,-0.012713805,-0.0065193293,-0.04141639,-0.05991813,0.026797801,-1.5743784,1506.4688,976.57513,1506.4688,723.2997
2431,-0.0004179995,0.99979526,0.020233726,-0.9974956,-0.0018479306,0.07070371,0.07072662,-0.020153502,0.99729216,-0.015442992,-0.007966788,-0.046521142,-0.070762746,0.020285882,-1.5726489,1506.1277,976.6536,1506.1277,723.26575
2464,-0.0028776093,0.9999398,0.010588075,-0.99746656,-0.0036227445,0.07104282,0.0710769,-0.010356818,0.99741703,-0.018366024,-0.009151072,-0.05063455,-0.071102716,0.0106150955,-1.5744282,1506.756,976.6197,1506.756,723.27924
2498,-0.007723681,0.99995077,0.006240364,-0.99760187,-0.008134482,0.06873341,0.06878079,-0.005694526,0.9976156,-0.021260886,-0.0101183085,-0.05463819,-0.06878764,0.006255198,-1.5789502,1506.7605,976.5538,1506.7605,723.18195
2531,-0.0096934065,0.9998871,-0.011483371,-0.9975056,-0.00886607,0.07002807,0.06991835,0.012133538,0.9974789,-0.025072657,-0.011493087,-0.059808277,-0.07008543,-0.0115118865,-1.5796844,1506.8232,976.6374,1506.8232,723.19073
2565,-0.009308984,0.9995329,-0.029112872,-0.99771136,-0.0073342077,0.06721758,0.066972665,0.029671973,0.99731356,-0.027530963,-0.013092706,-0.063430935,-0.067268305,-0.029183006,-1.5781472,1506.6078,976.59326,1506.6078,723.1945
2598,-0.017990885,0.99919003,-0.035994444,-0.9977246,-0.015601731,0.065589525,0.06497482,0.037092563,0.9971973,-0.029019032,-0.015230253,-0.06801817,-0.06563664,-0.036079947,-1.5864323,1506.8817,976.6587,1506.8817,723.1679
2631,-0.024964783,0.9989563,-0.03825161,-0.9972699,-0.022226272,0.07041687,0.069493175,0.039905123,0.996784,-0.030478893,-0.017673105,-0.07334401,-0.07047519,-0.038356204,-1.5930798,1506.7201,976.6379,1506.7201,723.2807
2665,-0.02511496,0.9988138,-0.04171631,-0.9971805,-0.022078527,0.071718045,0.07071194,0.04339989,0.9965522,-0.033153046,-0.01879587,-0.07884361,-0.07177967,-0.041836213,-1.5929337,1506.747,976.5801,1506.747,723.3021
2698,-0.02158934,0.999048,-0.037908707,-0.9975722,-0.019015431,0.06699248,0.06620785,0.039263,0.99703306,-0.03650025,-0.019546093,-0.08544327,-0.067042686,-0.03800321,-1.5898557,1506.7155,976.60095,1506.7155,723.30457
2731,-0.016208656,0.9992548,-0.035028204,-0.99694,-0.0134719545,0.07699924,0.07646996,0.03616908,0.99641556,-0.03834228,-0.020484215,-0.09422331,-0.07707553,-0.035139743,-1.5843089,1506.8861,976.60425,1506.8861,723.23596
2764,-0.014268249,0.9995346,-0.02696088,-0.9960758,-0.011853142,0.08770607,0.087345675,0.028106496,0.9957814,-0.040953636,-0.021349877,-0.103635795,-0.087818906,-0.027068485,-1.5826956,1506.9849,976.61926,1506.9849,723.3249
2798,-0.009117866,0.99963874,-0.025280554,-0.9959673,-0.006822065,0.08945595,0.089251176,0.025994256,0.9956698,-0.04399197,-0.021900149,-0.11225351,-0.089575686,-0.025385046,-1.5776459,1506.6437,976.60675,1506.6437,723.32654
2831,-0.004407037,0.9998032,-0.019345885,-0.99604297,-0.0026715996,0.08883157,0.088762395,0.019660821,0.9958588,-0.045421787,-0.023102466,-0.11933587,-0.088948816,-0.01942389,-1.5734786,1506.738,976.6147,1506.738,723.27924
2865,-0.0027056956,0.9997805,-0.020780263,-0.99617755,-0.000880447,0.08734729,0.08730981,0.020937167,0.9959612,-0.04765123,-0.023803385,-0.12783626,-0.087458745,-0.020861505,-1.5716802,1506.8008,976.60974,1506.8008,723.33453
2898,-0.0029783696,0.99973387,-0.022881309,-0.9962481,-0.0009873764,0.086537085,0.08649145,0.023053205,0.9959858,-0.049245443,-0.024303118,-0.13676064,-0.08664546,-0.022969488,-1.5717875,1506.7426,976.699,1506.7426,723.2481
2931,-0.0018684466,0.9999478,-0.010050484,-0.99654144,-0.0010269398,0.08309039,0.083075725,0.010170976,0.9964913,-0.04870694,-0.02479031,-0.14502183,-0.0831863,-0.010085531,-1.5718268,1506.738,976.66504,1506.738,723.2836
2965,-0.0033600018,0.99998736,-0.0037485417,-0.99661684,-0.0030408,0.0821315,0.08211905,0.0040118196,0.99661446,-0.048483126,-0.024922147,-0.15433353,-0.082224116,-0.003761258,-1.5738474,1506.8098,976.7041,1506.8098,723.3286
2998,-0.0049826084,0.99997526,-0.0049698795,-0.9966738,-0.0045617665,0.08136658,0.08134189,0.005358768,0.9966718,-0.04844593,-0.02481596,-0.16390626,-0.08145663,-0.0049864342,-1.5753733,1506.7513,976.6813,1506.7513,723.35065
3032,0.0005925929,0.999999,-0.0013557046,-0.9968916,0.00069755584,0.07878131,0.078782156,0.001304807,0.9968911,-0.04679498,-0.024240501,-0.17238612,-0.078863025,-0.0013599317,-1.5700966,1506.7426,976.6466,1506.7426,723.3773
3065,-0.00018502172,0.99999964,0.00089412206,-0.99719197,-0.000251461,0.074887656,0.07488785,-0.00087775436,0.9971916,-0.045317095,-0.02359416,-0.18202022,-0.07495783,0.00089663995,-1.5710485,1506.7649,976.7041,1506.7649,723.39166
3098,-0.00062720664,0.9999998,-0.00041798,-0.9973803,-0.0005953299,0.07233334,0.07233307,0.00046225396,0.9973804,-0.04409894,-0.022871478,-0.19261944,-0.07239657,-0.00041907778,-1.5713933,1506.7426,976.7673,1506.7426,723.38727
3132,0.0015380698,0.9999932,0.0033691796,-0.99729127,0.0012861369,0.073541895,0.07353706,-0.0034731627,0.99728644,-0.039712947,-0.022048628,-0.2036753,-0.07360835,0.003378334,-1.5695066,1506.8591,976.7771,1506.8591,723.39325
3166,0.0016440765,0.9999948,-0.002751997,-0.99764675,0.0018288324,0.06853752,0.068542205,0.0026328405,0.99764466,-0.0379335,-0.020901533,-0.21421167,-0.06859129,-0.0027584871,-1.5689632,1506.6527,976.7577,1506.6527,723.52386
3199,0.0024226804,0.9998854,-0.0149434265,-0.9978154,0.0034036676,0.06597479,0.06601809,0.014750945,0.99770933,-0.036075693,-0.01975641,-0.22455603,-0.06602274,-0.014976616,-1.5673852,1506.756,976.7482,1506.756,723.5115
3232,0.002669249,0.99992687,-0.011805144,-0.9980182,0.0034059566,0.0628326,0.06286821,0.011614037,0.99795425,-0.030977448,-0.019807069,-0.2355843,-0.06287402,-0.011828792,-1.5673836,1506.7828,976.75745,1506.7828,723.43396
3265,0.0022112213,0.9999781,-0.00622725,-0.9984623,0.0025527042,0.055373844,0.055388533,0.0060952334,0.99844617,-0.027158897,-0.019746045,-0.24630685,-0.055402182,-0.0062368605,-1.5682397,1506.7021,976.7696,1506.7021,723.537
3298,0.00156657,0.99995065,-0.009818457,-0.9984043,0.0021182154,0.056428462,0.056446467,0.009714393,0.9983583,-0.024778282,-0.01959933,-0.25749213,-0.05645845,-0.009834286,-1.5686747,1506.8413,976.75415,1506.8413,723.5463
3333,0.0016889677,0.9999563,-0.009188796,-0.99805397,0.002258361,0.06231301,0.06233104,0.009065671,0.99801433,-0.020636933,-0.020569975,-0.2704861,-0.062353406,-0.009206818,-1.5685335,1506.9668,976.8036,1506.9668,723.5127
3366,0.006813795,0.99996275,-0.005308475,-0.9981518,0.007121844,0.06035173,0.06038728,0.0048874407,0.99816304,-0.018891457,-0.02053628,-0.28096795,-0.060388427,-0.005318194,-1.5636615,1506.5853,976.718,1506.5853,723.6101
3399,0.011613806,0.9999251,-0.0038957116,-0.99830943,0.0118167605,0.056909397,0.05695116,0.0032281901,0.9983718,-0.01736696,-0.02039559,-0.29067317,-0.05694016,-0.0039020453,-1.5589601,1506.738,976.6924,1506.738,723.55475
3433,0.01245184,0.99992156,-0.0014270783,-0.9982144,0.01251394,0.058406666,0.05841993,0.0006972594,0.9982919,-0.014793118,-0.020845978,-0.30203637,-0.058439925,-0.001429519,-1.5582607,1506.8187,976.7037,1506.8187,723.55304
3466,0.011118264,0.9999349,0.002580622,-0.99816924,0.010945118,0.05948392,0.059451796,-0.0032372556,0.998226,-0.012573412,-0.02095288,-0.3120736,-0.059519053,0.0025852025,-1.5598316,1506.8143,976.6599,1506.8143,723.4758
3500,0.013283558,0.99989957,0.0049339305,-0.99839467,0.012991543,0.055127893,0.055058256,-0.005658303,0.998467,-0.010751814,-0.020805676,-0.3203211,-0.055155855,0.0049414653,-1.5577847,1506.6437,976.6889,1506.6437,723.48596
3533,0.016091252,0.9998674,0.002477217,-0.9985867,0.01594504,0.05069604,0.05064982,-0.0032894802,0.99871093,-0.007805975,-0.021536512,-0.32954943,-0.050717782,0.0024804093,-1.5548301,1506.711,976.6919,1506.711,723.45465
3566,0.01532363,0.9998667,0.005642916,-0.99847937,0.015003005,0.053044554,0.05295282,-0.0064471713,0.9985762,-0.0054330006,-0.02211829,-0.33858806,-0.05306946,0.0056509017,-1.5557716,1506.8278,976.69183,1506.8278,723.43335
3600,0.016576402,0.99986005,0.002300916,-0.9981947,0.016415844,0.05777413,0.05772827,-0.0032544488,0.998327,-0.0040683746,-0.022527521,-0.34725228,-0.05780632,0.0023047677,-1.5543523,1506.7245,976.61865,1506.7245,723.527
3633,0.019056387,0.9998169,-0.0017017232,-0.9978907,0.019125262,0.062033862,0.062055048,0.0005159915,0.9980725,-0.00164208,-0.023041561,-0.35737753,-0.06207372,-0.001705008,-1.551633,1506.7021,976.59973,1506.7021,723.37317
3667,0.01809814,0.99983555,0.0011756807,-0.99749947,0.017975487,0.06834936,0.06831699,-0.0024097369,0.99766076,0.00025831163,-0.023707215,-0.36720383,-0.06840269,0.0011784368,-1.5527778,1506.8817,976.6392,1506.8817,723.38416
3700,0.016274696,0.99986434,0.0025717034,-0.99714965,0.01604089,0.07372389,0.07367263,-0.0037642086,0.9972754,0.0014227964,-0.02425802,-0.37627423,-0.07379084,0.0025787237,-1.554711,1506.7649,976.6156,1506.7649,723.39594
3732,0.016036276,0.99986875,-0.0023418257,-0.9971007,0.016166035,0.074355826,0.07438393,0.001142648,0.99722904,0.001778584,-0.0247968,-0.38664427,-0.07442451,-0.0023483285,-1.5545847,1506.6437,976.61816,1506.6437,723.42816
3766,0.014717168,0.99989057,-0.0015111992,-0.99712163,0.014788802,0.07436124,0.07437545,0.0004124656,0.9972302,0.0021137707,-0.025348872,-0.39633295,-0.074429944,-0.0015153954,-1.5559659,1506.729,976.60803,1506.729,723.4247
3800,0.013349286,0.9998886,0.006685093,-0.9968972,0.012790078,0.07766754,0.07757339,-0.007701155,0.99695694,0.0022553876,-0.025944566,-0.40625763,-0.07774584,0.0067053977,-1.5579672,1506.8546,976.6317,1506.8546,723.32355
3832,0.013726942,0.9998728,0.008125317,-0.9965728,0.013017797,0.08169001,0.08157384,-0.009218825,0.9966247,0.0019377992,-0.026384108,-0.41691694,-0.08178114,0.008152654,-1.5577345,1506.7919,976.6111,1506.7919,723.33966
3867,0.012950458,0.9998875,0.007570307,-0.99646086,0.012276487,0.08315639,0.083054096,-0.008620426,0.9965077,0.0012652315,-0.027140707,-0.42738834,-0.08325253,0.007596691,-1.5584768,1506.711,976.577,1506.711,723.31384
3899,0.0114274565,0.99990404,0.007819923,-0.99632597,0.0107220635,0.08496733,0.084875345,-0.008762153,0.996353,0.00038024783,-0.028172575,-0.4382579,-0.0850699,0.007848386,-1.5600351,1506.8008,976.5862,1506.8008,723.35767
3933,0.0111282915,0.9998931,0.009491694,-0.9962243,0.0102691185,0.0862075,0.08610081,-0.010415197,0.99623203,-0.00095449947,-0.029582907,-0.4508743,-0.08631464,0.009527305,-1.5604887,1506.8008,976.63007,1506.8008,723.36444
3967,0.013824333,0.999874,0.007808481,-0.9962312,0.013104373,0.08574166,0.08562852,-0.008964372,0.9962868,-0.0024257954,-0.03109377,-0.46270448,-0.085847065,0.007837423,-1.5576432,1506.729,976.6545,1506.729,723.3562
4000,0.015139551,0.9998849,0.0010780202,-0.99620664,0.014991446,0.085717514,0.08569148,-0.0023716528,0.9963189,-0.003955517,-0.032970753,-0.47505012,-0.08582283,0.0010820028,-1.5557489,1506.6842,976.6306,1506.6842,723.27814
4033,0.01252784,0.999914,0.003895801,-0.99588513,0.012127456,0.0898088,0.08975382,-0.0050048814,0.9959514,-0.0034220684,-0.03518162,-0.48965845,-0.08992997,0.0039116177,-1.5586194,1506.9309,976.5955,1506.9309,723.295
4067,0.010757173,0.999918,0.006959628,-0.9958294,0.0100820735,0.09067522,0.09059761,-0.007906009,0.99585617,-0.004699571,-0.037070308,-0.50414413,-0.090799935,0.0069884737,-1.5606724,1506.729,976.6365,1506.729,723.2279
4100,0.011391591,0.99990445,0.007838495,-0.99625766,0.010677667,0.08577091,0.08567902,-0.0087862285,0.99628407,-0.006866874,-0.038605623,-0.5187415,-0.08587643,0.007867569,-1.560079,1506.711,976.5922,1506.711,723.2728
4133,0.012012789,0.9999197,0.0040457146,-0.99643296,0.011632726,0.083581716,0.08352793,-0.0050353333,0.9964927,-0.005119566,-0.040916603,-0.5353412,-0.08367934,0.0040599317,-1.5591224,1506.7784,976.587,1506.7784,723.2989
4167,0.011842296,0.9999291,0.0014094315,-0.9964425,0.011683364,0.08346199,0.08343959,-0.0023927973,0.99651,-0.0071305167,-0.042568397,-0.55235636,-0.08355919,0.0014143666,-1.5590718,1506.8682,976.6216,1506.8682,723.26196
4199,0.011736463,0.9999231,0.004054729,-0.99676085,0.0113765085,0.0796143,0.07956203,-0.004975984,0.9968175,-0.00969124,-0.0438698,-0.57014453,-0.079698645,0.004067652,-1.5593834,1506.7155,976.58435,1506.7155,723.2982
4234,0.010327097,0.99994534,0.0016525551,-0.99675804,0.010162278,0.07981253,0.079791375,-0.0024714272,0.9968085,-0.007597465,-0.043969095,-0.5888378,-0.07989751,0.0016578445,-1.5606014,1506.8187,976.629,1506.8187,723.23
4267,0.010553427,0.99991,-0.00829082,-0.99654794,0.011200006,0.082259856,0.08234531,0.0073940763,0.9965764,-0.009704895,-0.04349993,-0.6082475,-0.082352914,-0.00831911,-1.559558,1506.8323,976.61633,1506.8323,723.2478
4300,0.013166268,0.9998064,-0.014623215,-0.9969825,0.014245162,0.076307714,0.07650125,0.013574402,0.9969771,-0.01250607,-0.041930087,-0.62762266,-0.07638197,-0.014666502,-1.556509,1506.6304,976.66223,1506.6304,723.296
4334,0.011890782,0.99989223,-0.008620914,-0.99767554,0.012442067,0.06699767,0.06709771,0.007804222,0.99771595,-0.010775415,-0.040134892,-0.64576066,-0.067047894,-0.008640435,-1.5583259,1506.7649,976.7178,1506.7649,723.1746
4367,0.013689269,0.99989414,-0.0049322383,-0.9980992,0.013960785,0.060024798,0.0600873,0.004101167,0.9981846,-0.013549579,-0.037619397,-0.6660462,-0.0600609,-0.0049411682,-1.5568099,1506.7201,976.72064,1506.7201,723.2919
4401,0.020852659,0.9997224,-0.010973622,-0.9978044,0.021500258,0.06264182,0.062860355,0.009643282,0.99797577,-0.017467573,-0.034663986,-0.6872623,-0.06268286,-0.010995437,-1.5492522,1506.9309,976.73914,1506.9309,723.31824
4434,0.02010594,0.9997345,-0.011259107,-0.9979265,0.020755721,0.060924828,0.06114234,0.010010811,0.9980789,-0.017399255,-0.03176491,-0.70690805,-0.06096258,-0.0112803,-1.5500004,1506.747,976.89185,1506.747,723.2348
4467,0.014530579,0.99982816,-0.011517428,-0.9985662,0.015103833,0.051356092,0.05152122,0.010754682,0.998614,-0.019011736,-0.028683355,-0.72676957,-0.051378693,-0.011532902,-1.5556719,1506.7336,976.8176,1506.7336,723.25165
4500,0.0087846,0.9998497,-0.014948574,-0.99900633,0.009428407,0.043557193,0.04369158,0.014551091,0.99893904,-0.020595256,-0.025747994,-0.7462911,-0.043570977,-0.0149633335,-1.5613588,1506.7426,976.9089,1506.7426,723.28357
4534,0.0069840862,0.9998722,-0.014379696,-0.999247,0.007527065,0.03805888,0.03816225,0.014103065,0.9991719,-0.018304452,-0.024821611,-0.7636426,-0.038068075,-0.01439062,-1.5632638,1506.6796,976.93567,1506.6796,723.2193
4567,0.0071515483,0.99983305,-0.016817516,-0.99929494,0.0077655367,0.036731433,0.03685589,0.016542975,0.99918365,-0.018844638,-0.023255669,-0.78282255,-0.0367397,-0.016829668,-1.5630255,1506.7201,976.9096,1506.7201,723.33136
4600,0.009630869,0.99969405,-0.02278201,-0.99894565,0.010641306,0.044655126,0.044883896,0.022327928,0.9987425,-0.02016188,-0.021946335,-0.80267274,-0.04466998,-0.022806738,-1.5601442,1506.8817,976.89044,1506.8817,723.3597
4634,0.012045605,0.9996365,-0.024122443,-0.9987129,0.013216123,0.04896751,0.049268506,0.023501553,0.99850905,-0.020242218,-0.021492284,-0.82090247,-0.0489871,-0.024153763,-1.5575639,1506.7155,976.9027,1506.7155,723.3736
4667,0.013493925,0.99963564,-0.023379378,-0.998718,0.014614982,0.048462667,0.048786692,0.022695458,0.9985513,-0.02127508,-0.021320337,-0.8403064,-0.048481658,-0.02340902,-1.5561637,1506.6796,976.82526,1506.6796,723.38025
4701,0.015110778,0.99953866,-0.026350932,-0.99827325,0.016577287,0.056352887,0.05676371,0.025453899,0.9980631,-0.022450125,-0.021699578,-0.86066836,-0.056382757,-0.02639594,-1.554192,1506.895,976.80536,1506.895,723.4189
4734,0.014113081,0.9996555,-0.022131948,-0.99805236,0.015428607,0.060441773,0.060762413,0.021235827,0.9979263,-0.023971291,-0.023248682,-0.877116,-0.060478635,-0.022174302,-1.5553389,1506.729,976.76526,1506.729,723.4493
4767,0.01210604,0.999804,-0.01566543,-0.9982422,0.012993143,0.057823848,0.058016058,0.014937877,0.9982039,-0.024607414,-0.025373222,-0.89664394,-0.05785612,-0.01569233,-1.557781,1506.6707,976.7112,1506.6707,723.49536
4800,0.01120571,0.99982965,-0.014668875,-0.9980987,0.012073074,0.060441628,0.060608424,0.013963697,0.99806386,-0.025296032,-0.028346043,-0.9170902,-0.06047849,-0.014696273,-1.5587008,1506.8008,976.6871,1506.8008,723.48724
4834,0.008783652,0.999813,-0.017231124,-0.99782485,0.009889425,0.06517434,0.06533255,0.016621176,0.9977251,-0.024117248,-0.03123727,-0.9334625,-0.06522057,-0.017268695,-1.5608857,1506.7513,976.641,1506.7513,723.5352
4867,0.0042345338,0.9998935,-0.013973194,-0.99755394,0.005198767,0.06970756,0.06977277,0.013643836,0.9974696,-0.023141187,-0.035344712,-0.95487,-0.06976414,-0.014007726,-1.5655849,1506.8546,976.5413,1506.8546,723.5398
4901,0.00097496895,0.9999786,-0.0064767334,-0.9975964,0.0014213497,0.06927778,0.06928549,0.0063936226,0.9975764,-0.021996249,-0.03945163,-0.9769843,-0.069333315,-0.0064923773,-1.5693716,1506.7245,976.44476,1506.7245,723.56885
4934,-0.0013401594,0.999985,-0.005331761,-0.9977206,-0.0009773674,0.067473374,0.06746714,0.0054100337,0.9977069,-0.018180955,-0.04505258,-0.99339724,-0.06752468,-0.005343965,-1.5717759,1506.711,976.45465,1506.711,723.5662
4968,-0.004139841,0.9999811,-0.004548592,-0.9977329,-0.0038249078,0.067190066,0.06717139,0.0048164353,0.9977299,-0.015844136,-0.048907112,-1.0161003,-0.06724072,-0.0045589097,-1.5746299,1506.7695,976.4024,1506.7695,723.5299
5001,-0.005641206,0.99998343,-0.0012078575,-0.99772567,-0.005547329,0.06717653,0.06716871,0.001584066,0.99774045,-0.013437418,-0.05192705,-1.0404254,-0.067227155,-0.0012105923,-1.5763563,1506.8232,976.4088,1506.8232,723.59845
5035,-0.0052462704,0.99998605,-0.00056396605,-0.9978057,-0.0051976093,0.066003725,0.06599987,0.0009090012,0.9978191,-0.009235043,-0.05222782,-1.0593623,-0.066051744,-0.0005651986,-1.5760053,1506.7201,976.41034,1506.7201,723.645
5068,-0.0071674525,0.9999737,-0.0011540175,-0.99783427,-0.0070766495,0.06539541,0.06538552,0.0016202398,0.9978588,-0.005603766,-0.052835267,-1.0846796,-0.06544211,-0.0011564932,-1.5778883,1506.8413,976.4094,1506.8413,723.5651
5101,-0.012923072,0.9999144,-0.0020714146,-0.9980582,-0.01277279,0.060964182,0.060932502,0.0028552408,0.9981378,-0.0016900226,-0.052045394,-1.1108814,-0.06100201,-0.0020752763,-1.5835932,1506.7513,976.39124,1506.7513,723.6361
5134,-0.014515984,0.9998926,0.0020112626,-0.99860877,-0.0145992655,0.050668955,0.050692875,-0.0012729584,0.99871355,0.0034672432,-0.05162848,-1.1319855,-0.050690662,0.0020138505,-1.5854149,1506.7605,976.45123,1506.7605,723.6496
5166,-0.01338976,0.99989814,0.004953884,-0.9991115,-0.013576903,0.03989925,0.039962444,-0.004415242,0.9991915,0.0075474232,-0.049064472,-1.1572185,-0.039909843,0.004957852,-1.5843844,1506.7065,976.547,1506.7065,723.569
5200,-0.013168276,0.99991244,0.0013075754,-0.99940836,-0.01320317,0.031757608,0.031772092,-0.0008886102,0.99949473,0.011308063,-0.046127,-1.1830387,-0.03176295,0.0013082357,-1.5840065,1506.7065,976.59625,1506.7065,723.64996
5234,-0.0081616705,0.99996525,0.0016691656,-0.99945885,-0.008210702,0.03184865,0.031861253,-0.0014083243,0.9994912,0.015463382,-0.04267647,-1.2060808,-0.031854037,0.0016700136,-1.5790113,1506.94,976.6528,1506.94,723.6345
5268,-0.0003871135,0.9999898,0.0044958037,-0.99957186,-0.0005184634,0.029251765,0.029253794,-0.0044825557,0.9995618,0.018054312,-0.040170487,-1.2313908,-0.029255938,0.0044977446,-1.571315,1506.6527,976.73804,1506.6527,723.56055
5301,0.0057086344,0.9999761,0.003890681,-0.9995125,0.005586487,0.030713977,0.030691508,-0.004064117,0.99952054,0.020292293,-0.038180478,-1.2566253,-0.030718809,0.0038925277,-1.5652071,1506.7513,976.83124,1506.7513,723.54895
5335,0.0063449186,0.9999573,0.0067239776,-0.9993509,0.006102341,0.035502795,0.035460245,-0.0069448734,0.9993469,0.023725232,-0.037687045,-1.2723802,-0.035510257,0.00672827,-1.5646901,1506.7784,976.8986,1506.7784,723.46747
5368,0.008696063,0.9999526,0.00440052,-0.99898714,0.008493209,0.04418783,0.044148352,-0.0047803214,0.9990136,0.025059383,-0.03642466,-1.2962035,-0.04420222,0.004404837,-1.5622947,1506.7919,976.90204,1506.7919,723.4639
5402,0.009636822,0.9999506,0.002468038,-0.9986463,0.009498032,0.05114011,0.05111414,-0.0029575254,0.9986885,0.026279401,-0.035390846,-1.3204485,-0.05116243,0.002471274,-1.5612857,1506.747,976.92566,1506.747,723.3934
5435,0.008484837,0.99995637,0.0039204587,-0.99853647,0.008263248,0.05344594,0.053411208,-0.0043682028,0.99856305,0.02985511,-0.036357388,-1.33349,-0.053471416,0.00392608,-1.5625211,1506.6796,976.8879,1506.6796,723.3328
5468,0.007648451,0.9999646,0.0035007333,-0.99816954,0.0074246023,0.060019176,0.059991058,-0.003953378,0.998191,0.03140958,-0.036500387,-1.3571361,-0.06005527,0.0035070633,-1.5633582,1506.8591,976.85297,1506.8591,723.3524
5502,0.007348096,0.99995553,0.0059265965,-0.99790007,0.0069513144,0.06439813,0.064354055,-0.0063873553,0.99790674,0.032528345,-0.037174564,-1.3820843,-0.064442724,0.0059389584,-1.5638305,1506.7605,976.91785,1506.7605,723.2732
5535,0.0056321495,0.99996865,0.0055624438,-0.9978994,0.005261337,0.064566545,0.06453525,-0.005914408,0.9978978,0.034937624,-0.039109096,-1.3959988,-0.06461149,0.005574104,-1.565524,1506.711,976.797,1506.711,723.25037
5568,0.0016826938,0.99999374,0.0031491476,-0.99813324,0.0014872904,0.061055303,0.061050232,-0.0032460038,0.99812937,0.0364174,-0.0415405,-1.4196332,-0.0610933,0.0031550392,-1.5693063,1506.6842,976.87506,1506.6842,723.16864
5601,-0.001360288,0.99999285,0.003522881,-0.99833184,-0.0015613483,0.057713553,0.05771864,-0.0034384974,0.9983269,0.037372503,-0.044531938,-1.4450147,-0.05774564,0.0035287705,-1.5723603,1506.7874,976.75745,1506.7874,723.16284
5635,-0.003112761,0.9999626,0.008056362,-0.99859905,-0.0035338646,0.052794542,0.052821044,-0.00788074,0.9985728,0.040381093,-0.04845806,-1.458423,-0.0528191,0.008067701,-1.5743351,1506.2802,976.7489,1506.2802,723.1614
5668,-0.0008054073,0.9999997,1.4874939e-05,-0.9986387,-0.00080508704,0.05215415,0.052154146,2.7150281e-05,0.99863905,0.040112022,-0.05171288,-1.4832085,-0.052177824,1.489521e-05,-1.5716025,1506.2578,976.58545,1506.2578,723.2317
5702,0.0027326338,0.9999085,-0.013250097,-0.9985106,0.003450315,0.05444753,0.054488268,0.013081579,0.99842864,0.039436784,-0.053728037,-1.5094491,-0.05447447,-0.013270171,-1.5673409,1506.3745,976.5186,1506.3745,723.1719
5735,0.0034755524,0.9999098,-0.012965914,-0.9990689,0.004029592,0.04295204,0.04300041,0.012804561,0.9989929,0.04072355,-0.05455529,-1.5263437,-0.042965256,-0.012978256,-1.566763,1506.6034,976.5666,1506.6034,723.2061
5768,0.0030099277,0.99990755,-0.013269181,-0.99950916,0.0034219779,0.031140612,0.031183137,0.013168938,0.99942696,0.040175203,-0.05433679,-1.5514925,-0.031145647,-0.01327601,-1.5673727,1506.6663,976.5483,1506.6663,723.17865
5802,0.0023035395,0.9997755,-0.021067139,-0.9994554,0.002995278,0.03286256,0.032918278,0.020979967,0.99923784,0.03914744,-0.05288931,-1.5787206,-0.03286848,-0.021080084,-1.5677994,1506.8457,976.54236,1506.8457,723.1744
5835,0.0039947084,0.99949497,-0.031527553,-0.9991201,0.0053054853,0.041602068,0.04174832,0.03133363,0.9986368,0.034425672,-0.050481785,-1.5976162,-0.041614078,-0.031560108,-1.5654862,1506.747,976.5352,1506.747,723.19305
5869,0.0030153512,0.999413,-0.034127276,-0.99868214,0.0047581093,0.051101,0.05123338,0.03392822,0.9981102,0.03312943,-0.047239628,-1.6241629,-0.051123265,-0.034178577,-1.5660319,1506.9131,976.5914,1506.9131,723.2266
5902,-0.0036590737,0.9994401,-0.033260427,-0.998739,-0.001987132,0.050162937,0.050068755,0.03340204,0.99818707,0.032940667,-0.04370691,-1.6501173,-0.050184,-0.033308513,-1.572786,1506.5853,976.60724,1506.5853,723.12854
5935,-0.01105921,0.9995129,-0.029179506,-0.9988701,-0.009693901,0.046523582,0.046218064,0.029661052,0.99849087,0.030977156,-0.040829867,-1.6673911,-0.046540383,-0.029215293,-1.5805008,1506.8367,976.66394,1506.8367,723.215
5969,-0.013232515,0.99932826,-0.03417703,-0.99852306,-0.011405259,0.05311689,0.052691408,0.03482943,0.9980032,0.02991004,-0.037787646,-1.6917125,-0.0531419,-0.034232035,-1.5822179,1506.8054,976.74133,1506.8054,723.2595
6002,-0.010339296,0.9992862,-0.036335435,-0.99825096,-0.00819975,0.058546618,0.05820688,0.036877215,0.99762315,0.02876884,-0.035098203,-1.7159638,-0.058580115,-0.036405914,-1.5790102,1506.7336,976.77313,1506.7336,723.3231
6035,-0.0062295375,0.99930954,-0.03662783,-0.9980237,-0.0039228178,0.06271509,0.06252809,0.03694613,0.99735904,0.027385358,-0.03412318,-1.7317752,-0.06275628,-0.03670832,-1.5747269,1506.7828,976.8069,1506.7828,723.29944
6069,-0.0077741267,0.99909383,-0.041848723,-0.997948,-0.005091757,0.06382591,0.06355498,0.042259045,0.9970832,0.02729747,-0.032325666,-1.7539299,-0.06386933,-0.041946527,-1.5758985,1506.6527,976.8463,1506.6527,723.2361
6102,-0.0102908965,0.9989761,-0.044056997,-0.9979453,-0.0074739335,0.063632876,0.063238434,0.04462132,0.99700046,0.027650489,-0.031211656,-1.7767496,-0.063675895,-0.044160817,-1.5782855,1506.738,976.8407,1506.738,723.32056
6136,-0.012898651,0.9989915,-0.04300958,-0.99799156,-0.010194054,0.06252033,0.062018834,0.043729633,0.9971165,0.027940474,-0.031222152,-1.7927648,-0.06256113,-0.043107234,-1.5810106,1506.7201,976.8352,1506.7201,723.3306
6169,-0.015890738,0.99907357,-0.03999635,-0.9980274,-0.013418889,0.061328996,0.060735468,0.04089202,0.99731594,0.028925445,-0.032365534,-1.816118,-0.061367508,-0.04008251,-1.5842409,1506.7919,976.8876,1506.7919,723.3347
6202,-0.016066948,0.99910176,-0.039213534,-0.99777555,-0.0134833045,0.06528403,0.06469665,0.04017523,0.99709594,0.029825127,-0.034616526,-1.8410602,-0.06533049,-0.039307486,-1.5843089,1506.8905,976.76416,1506.8905,723.4775
6235,-0.016862124,0.99904954,-0.04019742,-0.99775195,-0.014205111,0.065492034,0.06485878,0.041211393,0.99704313,0.029655177,-0.039127126,-1.8544333,-0.06553894,-0.040294807,-1.5850325,1506.6842,976.7633,1506.6842,723.4155
6268,-0.019155564,0.99901026,-0.040145606,-0.99810874,-0.016761607,0.059142776,0.058411334,0.041202594,0.997442,0.031410526,-0.043201923,-1.8778322,-0.05917731,-0.04022685,-1.5875881,1506.6886,976.68713,1506.6886,723.40656
6301,-0.021381874,0.999121,-0.03605811,-0.998198,-0.019311726,0.05681371,0.05606742,0.03720792,0.9977334,0.033727746,-0.0472645,-1.902955,-0.056844316,-0.0361243,-1.5901405,1506.9668,976.62085,1506.9668,723.38855
6335,-0.020740613,0.9991396,-0.035915267,-0.99865323,-0.018995067,0.048279107,0.04755535,0.03686824,0.99818796,0.0347997,-0.05153862,-1.9182867,-0.048297882,-0.03596495,-1.5898147,1506.563,976.55927,1506.563,723.53625
6369,-0.021410652,0.9990472,-0.03803215,-0.99907905,-0.019965507,0.0379798,0.03718428,0.0388103,0.9985545,0.03732175,-0.054790568,-1.9423102,-0.03798894,-0.038068805,-1.5907776,1506.6976,976.4703,1506.6976,723.4865
6402,-0.022978634,0.9989774,-0.03893926,-0.9992065,-0.021681657,0.03340893,0.032530494,0.03967606,0.9986829,0.04046246,-0.05716789,-1.9686735,-0.033415146,-0.038970873,-1.5924917,1506.8098,976.4321,1506.8098,723.5365
6436,-0.022911787,0.998876,-0.04149446,-0.99918073,-0.02149435,0.034289617,0.033359177,0.042246103,0.9985502,0.04343397,-0.059278358,-1.9869814,-0.03429634,-0.04153081,-1.592305,1506.7919,976.3996,1506.7919,723.43054
6469,-0.02360037,0.9987102,-0.044955477,-0.9991437,-0.022034321,0.035018258,0.033982527,0.04574343,0.99837506,0.047185306,-0.059053656,-2.0139182,-0.035025418,-0.04499825,-1.5928459,1506.8278,976.3693,1506.8278,723.56537
6502,-0.024286594,0.9979871,-0.058584154,-0.9986104,-0.021476751,0.048124447,0.046769377,0.05967153,0.9971219,0.051123057,-0.057350483,-2.0419173,-0.048143044,-0.058685787,-1.5922997,1506.8726,976.4326,1506.8726,723.4931
6536,-0.027276406,0.99716115,-0.07018449,-0.99813473,-0.023332315,0.056414954,0.05461723,0.07159238,0.9959376,0.053968742,-0.056104153,-2.0631266,-0.05644492,-0.07035446,-1.594168,1506.7245,976.45575,1506.7245,723.4708
6569,-0.022482658,0.9976243,-0.06511651,-0.9985996,-0.019289376,0.049259778,0.047886696,0.06613282,0.996661,0.057460956,-0.052445382,-2.088233,-0.049279723,-0.06524193,-1.5901103,1506.711,976.5187,1506.711,723.5629
6602,-0.013887301,0.99836683,-0.05541631,-0.9988873,-0.011353793,0.04577355,0.0450696,0.055990323,0.9974136,0.060286824,-0.048389517,-2.1134846,-0.04578955,-0.055502947,-1.5821623,1506.8278,976.6032,1506.8278,723.44183
6636,-0.0062008845,0.99833274,-0.057388436,-0.99879307,-0.00338707,0.048999034,0.048722956,0.057623018,0.9971488,0.06173332,-0.04705313,-2.1332405,-0.049018662,-0.057489112,-1.5741875,1506.6931,976.6672,1506.6931,723.4815
6669,-0.0017628425,0.9976735,-0.06815028,-0.9983129,0.002199483,0.058022276,0.058037184,0.068137586,0.9959864,0.063043796,-0.043448053,-2.1567554,-0.05805488,-0.06831843,-1.5685931,1506.8187,976.7836,1506.8187,723.3721
6703,-0.0010912771,0.9977231,-0.06743321,-0.99828094,0.0028645622,0.058538523,0.058598407,0.06738117,0.9960049,0.064027146,-0.04012464,-2.1798997,-0.058572005,-0.06760053,-1.5679269,1506.6527,976.8546,1506.6527,723.4459
6735,0.002374796,0.99775904,-0.066868,-0.99851805,0.0060016047,0.05408983,0.054369923,0.06664045,0.99629456,0.06289275,-0.0416113,-2.200544,-0.054116238,-0.06701619,-1.5647858,1506.6304,976.8984,1506.6304,723.33636
6769,0.0036273147,0.99811983,-0.0611876,-0.9985028,0.00695479,0.054256555,0.05458008,0.06089919,0.99665064,0.06295888,-0.041180823,-2.224368,-0.05428321,-0.061316267,-1.5638312,1506.37,976.9166,1506.37,723.27496
6803,0.004549763,0.9983678,-0.056931537,-0.99831825,0.007825065,0.05744061,0.05779234,0.056574453,0.99672437,0.06282323,-0.042011477,-2.2491314,-0.057472244,-0.05705664,-1.5629582,1506.2533,976.90405,1506.2533,723.2876
6836,0.0051248264,0.99840707,-0.056189638,-0.99815553,0.008506473,0.06010979,0.06049201,0.05577795,0.9966091,0.06145185,-0.043662623,-2.272492,-0.06014605,-0.056321193,-1.5622743,1506.2129,976.9313,1506.2129,723.19446
6870,0.0027180836,0.9983791,-0.056850128,-0.9981992,0.006115522,0.059673026,0.059923965,0.056585565,0.99659777,0.06132788,-0.04701095,-2.2971623,-0.0597085,-0.05698245,-1.5646698,1506.186,976.8574,1506.186,723.21356
6903,-0.0031666465,0.99854636,-0.053807892,-0.99838734,-0.0001070585,0.05676931,0.056681022,0.053900894,0.9969363,0.061451793,-0.05115449,-2.3224952,-0.056799848,-0.05392093,-1.5709035,1506.2937,976.7382,1506.2937,723.1821
6936,-0.0074344934,0.9988365,-0.047648244,-0.99871874,-0.0050316444,0.0503519,0.050053563,0.047961544,0.9975942,0.05757969,-0.057201073,-2.3479035,-0.0503732,-0.04772688,-1.5758344,1506.7605,976.701,1506.7605,723.18524
6970,-0.005305142,0.99872684,-0.05016719,-0.9989022,-0.0029577652,0.046750072,0.046542164,0.050360136,0.9976461,0.05616791,-0.061996564,-2.373995,-0.04676712,-0.05024324,-1.5737573,1506.756,976.6664,1506.756,723.1848
7003,-0.0021475244,0.9983133,-0.058016643,-0.99876386,0.0007397662,0.04969933,0.04965842,0.058051668,0.99707776,0.054745983,-0.065997064,-2.4005656,-0.04971981,-0.058121145,-1.5700556,1506.9176,976.5867,1506.9176,723.1432
7037,1.612345e-05,0.9981454,-0.060876235,-0.9990229,0.0027064972,0.044111956,0.044194903,0.060816046,0.9971701,0.052512903,-0.06787763,-2.4282434,-0.044126276,-0.060973324,-1.5680872,1506.747,976.4747,1506.747,723.0939
7069,0.0009959405,0.998083,-0.061881844,-0.99974585,0.0023871833,0.02241238,0.022517137,0.06184381,0.9978318,0.0510281,-0.06801937,-2.4532244,-0.022414258,-0.061936986,-1.5684085,1506.545,976.431,1506.545,723.12616
7102,0.0009689217,0.9974845,-0.070879124,-0.99995834,0.0016092154,0.008977055,0.009068532,0.07086749,0.9974445,0.049533404,-0.066513866,-2.4787924,-0.008977175,-0.07094147,-1.569187,1506.7201,976.41565,1506.7201,723.15247
7136,-0.006126691,0.9968007,-0.07969232,-0.9999332,-0.005325849,0.010257851,0.009800604,0.079749845,0.99676675,0.048647914,-0.064111315,-2.510191,-0.010258031,-0.07978112,-1.5761225,1506.8502,976.4457,1506.8502,723.11884
7170,-0.013728187,0.99687237,-0.07782823,-0.9998337,-0.012751251,0.013035599,0.012002421,0.07799424,0.9968816,0.048424058,-0.06077276,-2.537762,-0.013035968,-0.07791364,-1.583549,1506.7964,976.46423,1506.7964,723.2364
7203,-0.009011341,0.99710923,-0.075445995,-0.9999265,-0.008373269,0.008769403,0.008112323,0.07551949,0.9971113,0.047296595,-0.05635842,-2.5642343,-0.008769516,-0.075520664,-1.57917,1506.711,976.4718,1506.711,723.2377
7236,-0.011885915,0.9974336,-0.07060516,-0.9999107,-0.011425126,0.006926542,0.006102092,0.070681185,0.99748033,0.049304496,-0.05072693,-2.5933633,-0.0069265976,-0.07066565,-1.582222,1506.8682,976.61475,1506.8682,723.1949
7269,-0.018189786,0.9968059,-0.07776345,-0.9997596,-0.01718166,0.0136135295,0.012233941,0.0779924,0.9968789,0.050080482,-0.047218084,-2.6190062,-0.01361395,-0.07784927,-1.5879804,1506.2533,976.6523,1506.2533,723.27216
7303,-0.018133441,0.996079,-0.08658998,-0.99973863,-0.016857864,0.01543987,0.013919607,0.08684733,0.99612445,0.05135503,-0.044661578,-2.6431465,-0.015440484,-0.08670891,-1.587657,1506.0918,976.78894,1506.0918,723.2519
7336,-0.016134745,0.99600583,-0.08781896,-0.99977374,-0.014853652,0.015221925,0.013856693,0.088044696,0.99602014,0.053537495,-0.04270834,-2.6683848,-0.015222513,-0.087942444,-1.5856522,1506.7695,976.8204,1506.7695,723.37195
7370,-0.014832926,0.9954925,-0.093674034,-0.9996518,-0.012719738,0.023115905,0.021820199,0.09398431,0.99533457,0.05499417,-0.041849077,-2.693005,-0.023117963,-0.09383672,-1.5835198,1506.8502,976.8184,1506.8502,723.3577
7403,-0.015198255,0.99497604,-0.09895285,-0.999509,-0.01240584,0.028774101,0.027401948,0.09934158,0.99467605,0.056887243,-0.042326342,-2.7170362,-0.028778072,-0.099156246,-1.5832076,1506.2937,976.85754,1506.2937,723.4139
7437,-0.01392011,0.99465996,-0.102263875,-0.9995834,-0.0112568475,0.026574176,0.025281096,0.1025912,0.9944023,0.059312988,-0.044449966,-2.7438798,-0.026577305,-0.10247929,-1.5820574,1506.59,976.8115,1506.59,723.4239
7469,-0.014986341,0.9951961,-0.09674883,-0.9994993,-0.012213591,0.029188177,0.027866304,0.09713782,0.99488086,0.061715707,-0.047343597,-2.7683964,-0.029192323,-0.09694183,-1.5830154,1506.9579,976.8288,1506.9579,723.44354
7503,-0.01408555,0.99532896,-0.095508985,-0.9994991,-0.011308317,0.029557448,0.028339332,0.095877476,0.9949897,0.06400588,-0.05134059,-2.7922573,-0.029561752,-0.095696725,-1.5821098,1506.6034,976.7337,1506.6034,723.4949
7537,-0.013138695,0.9950301,-0.09870291,-0.99953806,-0.010364539,0.02856651,0.02740153,0.099032655,0.99470675,0.06581403,-0.056825478,-2.812699,-0.028570397,-0.098904386,-1.5811653,1506.204,976.6907,1506.204,723.4779
7570,-0.012450315,0.99544764,-0.09449371,-0.9993934,-0.009314338,0.03355597,0.032523066,0.09485418,0.9949597,0.06830245,-0.06243127,-2.8371553,-0.03356227,-0.09468839,-1.580116,1506.4105,976.6438,1506.4105,723.5226
7604,-0.010234568,0.9964098,-0.084042236,-0.99943256,-0.007495798,0.03283915,0.032091282,0.08433065,0.995921,0.07104808,-0.06779872,-2.8618233,-0.032845054,-0.08418699,-1.5782962,1506.2399,976.5395,1506.2399,723.4812
7637,-0.009830886,0.99667764,-0.080852404,-0.99951243,-0.0073981276,0.030333597,0.029634662,0.08111119,0.99626446,0.0745172,-0.07138046,-2.88598,-0.03033825,-0.080978096,-1.578198,1506.2714,976.5045,1506.2714,723.54285
7670,-0.011481737,0.99623775,-0.08589714,-0.9994451,-0.008747743,0.032137662,0.031265344,0.08621848,0.9957855,0.07786747,-0.07418689,-2.9103012,-0.032143198,-0.08604769,-1.5795487,1506.204,976.46924,1506.204,723.487
7704,-0.011181199,0.9966834,-0.08060634,-0.9994848,-0.008714495,0.030888978,0.030084085,0.08091019,0.9962674,0.08124904,-0.07555885,-2.9349005,-0.030893892,-0.08073249,-1.5795151,1506.8997,976.3203,1506.8997,723.4522
7737,-0.012578004,0.9974783,-0.06984858,-0.9997653,-0.011313441,0.018470572,0.017633764,0.07006452,0.9973865,0.08591104,-0.07453095,-2.9566948,-0.018471623,-0.069917455,-1.582112,1506.536,976.3655,1506.536,723.48267
7770,-0.015220717,0.9980626,-0.060328264,-0.99978775,-0.0143538,0.014777485,0.0138829155,0.060540393,0.99806917,0.08946794,-0.072687276,-2.9811401,-0.014778024,-0.06037152,-1.5851521,1507.0386,976.3585,1507.0386,723.4248
7803,-0.014672563,0.9972496,-0.07265044,-0.99977887,-0.0135376025,0.016090076,0.015062309,0.07287046,0.99722767,0.09275594,-0.069971204,-3.0048935,-0.016090771,-0.07272393,-1.584336,1506.6124,976.44214,1506.6124,723.4521
7837,-0.012435497,0.99707204,-0.07545093,-0.99985623,-0.011529658,0.012429421,0.011523103,0.07559466,0.99707204,0.097312,-0.06460821,-3.0332553,-0.012429741,-0.07552855,-1.5823271,1506.738,976.545,1506.738,723.4228
7870,-0.0058322293,0.9975332,-0.0699546,-0.9998924,-0.004875908,0.0138335815,0.013458365,0.07002775,0.9974542,0.100816935,-0.06153619,-3.0569143,-0.013834023,-0.07001849,-1.5756727,1506.7605,976.6153,1506.7605,723.39716
7904,-0.00054541585,0.9973998,-0.072065294,-0.9998538,0.00068758073,0.017083518,0.017088648,0.07206409,0.9972536,0.104069084,-0.05901447,-3.079797,-0.017084349,-0.07213836,-1.5701087,1506.6796,976.67004,1506.6796,723.41595
7936,0.0011461485,0.99709266,-0.07618877,-0.99966383,0.0031155234,0.025734788,0.02589734,0.076133676,0.9967612,0.108890355,-0.058163486,-3.1083958,-0.025737628,-0.07628799,-1.5676798,1506.7919,976.7444,1506.7919,723.35925
7970,0.002705531,0.9970719,-0.07642229,-0.99937344,0.0053928117,0.034979124,0.03528883,0.076279774,0.99646187,0.11197243,-0.056956414,-3.132552,-0.03498626,-0.0765438,-1.5654002,1506.8323,976.8067,1506.8323,723.3453
8003,0.0042576888,0.9971914,-0.07477502,-0.9992907,0.0070405905,0.036992915,0.03741547,0.07456449,0.996514,0.11453076,-0.056471135,-3.1557627,-0.037001356,-0.07489624,-1.5637509,1506.6572,976.8082,1506.6572,723.32794
8036,0.007347407,0.9969053,-0.078268394,-0.99912256,0.010546061,0.040533144,0.041233126,0.07790191,0.99610806,0.11353232,-0.055613197,-3.1814277,-0.040544253,-0.07841309,-1.5602413,1506.7874,976.8354,1506.7874,723.33813
8070,0.0067896093,0.99655235,-0.08268845,-0.9989474,0.010510556,0.04464776,0.045362934,0.08229829,0.9955748,0.11513764,-0.057272833,-3.2057076,-0.044662606,-0.0828658,-1.5602751,1506.756,976.86444,1506.756,723.2411
8104,0.004597284,0.9963667,-0.08504365,-0.99887395,0.008591252,0.046657562,0.047218665,0.0847334,0.99528426,0.117037386,-0.060554013,-3.230223,-0.04667451,-0.085239545,-1.5621957,1506.7919,976.883,1506.7919,723.24133
8137,0.0029702864,0.9962301,-0.08669982,-0.9988058,0.007183556,0.04832462,0.04876525,0.086452745,0.9950617,0.11950898,-0.062346492,-3.257596,-0.048343446,-0.086910605,-1.5636044,1506.7649,976.8169,1506.7649,723.2263
8170,0.0044473135,0.9961872,-0.08712873,-0.99888474,0.008521019,0.046439044,0.0470044,0.086825036,0.9951141,0.120826736,-0.06657863,-3.2833924,-0.046455752,-0.087333806,-1.562266,1506.8143,976.73627,1506.8143,723.28723
8203,0.008724649,0.99619555,-0.08670823,-0.9991067,0.012269754,0.04043697,0.041347012,0.08627799,0.99541277,0.12004845,-0.06966865,-3.3125365,-0.040447995,-0.0868885,-1.5585163,1506.7513,976.62756,1506.7513,723.27765
8238,0.010177415,0.9959437,-0.08940135,-0.9992847,0.013386104,0.03536491,0.036418192,0.08897749,0.9953676,0.11953367,-0.07318642,-3.340157,-0.035372287,-0.08957706,-1.5574014,1506.7513,976.6609,1506.7513,723.2251
8270,0.010446335,0.99579084,-0.09105788,-0.99949104,0.013143099,0.029066762,0.030141197,0.09070791,0.9954213,0.11916903,-0.07654958,-3.3671067,-0.029070856,-0.091222845,-1.5576473,1506.7065,976.54834,1506.7065,723.1997
8303,0.009358673,0.995923,-0.08972135,-0.99964565,0.01155394,0.023979528,0.024918396,0.08946515,0.99567825,0.11833223,-0.075519264,-3.4002888,-0.023981826,-0.08986807,-1.5592388,1506.8008,976.54126,1506.8008,723.16565
8337,0.0046682064,0.9959091,-0.09024089,-0.99975204,0.0066128373,0.021262378,0.021772142,0.09011926,0.99569297,0.11762324,-0.07461366,-3.431639,-0.02126398,-0.090384305,-1.5641819,1506.7649,976.409,1506.7649,723.1973
8370,-0.00075731,0.9955973,-0.09373042,-0.99968797,0.0015863527,0.024927258,0.0249662,0.09372006,0.9952855,0.11701441,-0.07302893,-3.462082,-0.02492984,-0.09389747,-1.5692095,1506.8413,976.4237,1506.8413,723.2066
8403,-0.0036957795,0.9953051,-0.096715905,-0.99952984,-0.00073318376,0.030649569,0.030434763,0.096783705,0.99483985,0.11620554,-0.06986757,-3.4924684,-0.030654369,-0.09691301,-1.5715299,1506.7874,976.51855,1506.7874,723.20374
8437,-0.004835084,0.99545133,-0.09514946,-0.99926955,-0.0012026996,0.038195945,0.037907764,0.095264636,0.99473,0.116859816,-0.06374984,-3.526095,-0.03820524,-0.095363416,-1.5719999,1506.9714,976.6188,1506.9714,723.18634
8470,-0.007253948,0.9950501,-0.09910853,-0.9991978,-0.0033092538,0.03990833,0.039382815,0.09931853,0.994276,0.11677688,-0.05875546,-3.5544925,-0.039918933,-0.099350914,-1.5741082,1506.5674,976.6018,1506.5674,723.2797
8504,-0.012455884,0.9948747,-0.10034594,-0.9991259,-0.008378337,0.040954348,0.03990371,0.10076835,0.99410945,0.117409386,-0.05408306,-3.5813882,-0.040965807,-0.10059979,-1.5791818,1506.8187,976.7131,1506.8187,723.19257
8537,-0.014988353,0.9943606,-0.10498764,-0.99868166,-0.009732133,0.050399702,0.049093727,0.105604656,0.9931956,0.11825749,-0.048857633,-3.6146774,-0.050421063,-0.10531581,-1.580541,1506.8413,976.754,1506.8413,723.21765
8571,-0.011924757,0.99398375,-0.108878024,-0.9986216,-0.006272405,0.052110177,0.05111373,0.109349355,0.99268836,0.11944948,-0.044829804,-3.6399312,-0.05213379,-0.10924331,-1.5770773,1506.6393,976.8118,1506.6393,723.30347
8604,-0.008260991,0.9939518,-0.10950639,-0.9987655,-0.0028375303,0.04959004,0.048979376,0.109780885,0.9927482,0.12114222,-0.041734602,-3.6641,-0.049610388,-0.10986216,-1.5736374,1506.6437,976.9361,1506.6437,723.2633
8637,-0.008544612,0.99356705,-0.11292372,-0.99866617,-0.0027285488,0.05155887,0.050919075,0.113213666,0.9922651,0.12172733,-0.04154127,-3.694185,-0.05158174,-0.11331646,-1.5735285,1506.8323,976.9322,1506.8323,723.3219
8670,-0.010808353,0.99327964,-0.115234286,-0.99830395,-0.004126082,0.058070134,0.05720441,0.115666494,0.9916395,0.123691514,-0.042047825,-3.721796,-0.05810282,-0.11568695,-1.5749294,1506.8636,976.8815,1506.8636,723.3795
8705,-0.012634566,0.9937726,-0.1107091,-0.9984714,-0.0065808464,0.05487706,0.053806756,0.11123323,0.99233675,0.12672597,-0.043839905,-3.7469053,-0.054904643,-0.11110461,-1.5773871,1506.5989,976.9222,1506.5989,723.43475
8738,-0.014984389,0.99401724,-0.108191095,-0.99860674,-0.009402032,0.05192416,0.050596293,0.10881842,0.9927732,0.13054214,-0.047880314,-3.7776163,-0.051947523,-0.108550295,-1.5802112,1506.738,976.8597,1506.738,723.4208
8772,-0.015295945,0.9941085,-0.10730584,-0.9982344,-0.009022313,0.058708653,0.057394616,0.10801439,0.99249125,0.1339729,-0.052894264,-3.80482,-0.05874243,-0.10769932,-1.5798343,1506.9579,976.76636,1506.9579,723.56305
8805,-0.013175982,0.99447596,-0.10413517,-0.9983673,-0.007295365,0.056651425,0.055578772,0.10471159,0.9929484,0.13765235,-0.058739826,-3.8313973,-0.05668177,-0.104492724,-1.5781035,1506.59,976.7251,1506.59,723.46625
8838,-0.014751906,0.9951547,-0.09720912,-0.9986843,-0.009889106,0.050317377,0.049112257,0.09782351,0.99399126,0.14311525,-0.06023402,-3.8605666,-0.050338633,-0.09748675,-1.5806981,1506.7964,976.64,1506.7964,723.5474
8872,-0.012447742,0.9952544,-0.09650832,-0.9987212,-0.0076450217,0.049975835,0.049000856,0.097007,0.9940767,0.1473098,-0.06508991,-3.888774,-0.049996663,-0.09678007,-1.578451,1506.8232,976.4948,1506.8232,723.6223
8905,-0.009980376,0.99559414,-0.09323539,-0.99882305,-0.0054998165,0.04819035,0.04746525,0.09360662,0.9944772,0.15192203,-0.0694862,-3.9172387,-0.048209023,-0.093479924,-1.5763025,1506.8187,976.4584,1506.8187,723.5429
8938,-0.008095857,0.995675,-0.09255083,-0.99911046,-0.0042238804,0.0419558,0.04138342,0.09280818,0.9948236,0.15680517,-0.068659246,-3.9516957,-0.04196812,-0.09276539,-1.5750239,1506.5674,976.3587,1506.5674,723.6387
8972,-0.0088140415,0.99649036,-0.083243005,-0.99910223,-0.0053264773,0.042025704,0.04143481,0.08353871,0.99564266,0.16233681,-0.06943969,-3.9820926,-0.042038083,-0.08341331,-1.5761275,1506.9758,976.33813,1506.9758,723.5166
9005,-0.010529166,0.9973086,-0.07255886,-0.9991451,-0.0075920112,0.040637184,0.03997694,0.07292471,0.9965359,0.16804588,-0.06830963,-4.012387,-0.04064838,-0.07268282,-1.5783947,1506.6752,976.29474,1506.6752,723.5997
9039,-0.009899304,0.9974629,-0.070496134,-0.9989732,-0.0067482167,0.044797413,0.044208027,0.070867226,0.99650556,0.17541385,-0.06595301,-4.046167,-0.04481241,-0.070625685,-1.5775514,1506.9086,976.31024,1506.9086,723.58685
9072,-0.013653194,0.99750364,-0.06928379,-0.99876547,-0.010295224,0.048594575,0.047759973,0.06986173,0.99641275,0.18138741,-0.06175417,-4.0760207,-0.04861372,-0.069421485,-1.5811039,1506.7605,976.4756,1506.7605,723.53485
9105,-0.011537469,0.99803394,-0.06160415,-0.99875724,-0.008514862,0.04910401,0.048482917,0.06209414,0.996892,0.18634315,-0.056768414,-4.104485,-0.049123764,-0.061717734,-1.5793216,1506.7021,976.5048,1506.7021,723.5527
9139,-0.00092392834,0.9981968,-0.060020253,-0.9986281,0.002221371,0.052316107,0.052355092,0.059986252,0.9968253,0.19157463,-0.05141871,-4.129864,-0.05234,-0.060138803,-1.5685719,1506.711,976.6047,1506.711,723.51385
9171,0.003227233,0.9982451,-0.059129264,-0.998413,0.006540925,0.055933952,0.056222558,0.058854923,0.9966821,0.19647278,-0.046222996,-4.156496,-0.05596316,-0.059256647,-1.5642451,1506.7964,976.76025,1506.7964,723.5133
9204,0.0030412336,0.998225,-0.059479594,-0.9981683,0.006624203,0.06013459,0.060421843,0.059187762,0.99641657,0.20115826,-0.041609157,-4.1825895,-0.060170893,-0.05962275,-1.5641601,1506.7336,976.8331,1506.7336,723.4163
9239,0.0050334474,0.9981321,-0.060885932,-0.9980456,0.0088067595,0.061864823,0.062285464,0.06045555,0.9962258,0.20668676,-0.04079427,-4.210566,-0.061904352,-0.061040677,-1.5619725,1506.6617,976.9022,1506.6617,723.41095
9272,0.009401292,0.9981456,-0.060143996,-0.99805117,0.013076873,0.061014373,0.061687708,0.05945318,0.9963233,0.21127124,-0.039388657,-4.236305,-0.061052293,-0.06029278,-1.5576947,1506.7426,976.9597,1506.7426,723.36725
9305,0.011600095,0.9982033,-0.058786344,-0.9980835,0.015132445,0.06000359,0.060785357,0.05797763,0.9964656,0.21587694,-0.039828178,-4.262272,-0.060039654,-0.058926556,-1.5556359,1506.7155,976.9652,1506.7155,723.31006
9339,0.00962621,0.99816597,-0.059766237,-0.9980679,0.013259707,0.060699437,0.061380595,0.05906647,0.9963651,0.22334237,-0.04542208,-4.296097,-0.06073677,-0.059912488,-1.5575117,1506.7336,977.0153,1506.7336,723.32214
9372,0.008708769,0.9980815,-0.061298717,-0.99795777,0.012554281,0.06263117,0.06328057,0.06062809,0.9961525,0.22881831,-0.050517086,-4.3248115,-0.06267219,-0.06145798,-1.558217,1506.8278,976.9314,1506.8278,723.3618
9406,0.006403318,0.99814314,-0.06057549,-0.99804014,0.0101500545,0.06174835,0.06224853,0.060061384,0.9962519,0.23444797,-0.056755945,-4.3535643,-0.061787654,-0.06072862,-1.5606267,1506.7513,976.85364,1506.7513,723.2873
9439,0.0035598783,0.99804294,-0.062431753,-0.99818414,0.0073006502,0.059792463,0.06013123,0.062105533,0.9962566,0.23751752,-0.06655963,-4.3868537,-0.059828147,-0.0625845,-1.5634825,1506.7065,976.7679,1506.7065,723.3329
9471,0.002463336,0.9980146,-0.06293551,-0.9981158,0.0063123396,0.061032508,0.0613086,0.06266659,0.99614966,0.24236472,-0.07340909,-4.417853,-0.06107046,-0.06309491,-1.5644722,1506.9803,976.59814,1506.9803,723.35254
9505,0.0009889693,0.9978559,-0.065442055,-0.9983098,0.0047878777,0.057918627,0.058107767,0.065274164,0.99617404,0.24726857,-0.0789496,-4.448503,-0.05795106,-0.065599136,-1.5660003,1506.6931,976.5484,1506.6931,723.33453
9538,0.002528485,0.99730825,-0.07328055,-0.9986884,0.006265813,0.05081536,0.05113773,0.07305595,0.996016,0.24980924,-0.08264672,-4.4817443,-0.050837252,-0.07344134,-1.5645224,1506.6842,976.47656,1506.6842,723.33325
9572,0.004566798,0.99723333,-0.07419561,-0.99895054,0.007930787,0.04510832,0.045571942,0.07391176,0.996223,0.2535016,-0.08408055,-4.5133643,-0.04512363,-0.074339665,-1.5628574,1506.895,976.3774,1506.895,723.3521
9605,0.0052285134,0.99664545,-0.0816743,-0.99936426,0.008088018,0.034719553,0.035263665,0.08144086,0.9960542,0.25686908,-0.08331228,-4.544592,-0.03472653,-0.08181481,-1.5627034,1506.6124,976.3613,1506.6124,723.3462
9639,0.005243526,0.99548435,-0.09478165,-0.9994184,0.008410635,0.033046257,0.033694196,0.09455325,0.9949495,0.25755912,-0.08051286,-4.580975,-0.033052273,-0.094976164,-1.562381,1506.738,976.3801,1506.738,723.3482
9672,0.0050624213,0.9961201,-0.0878592,-0.999056,0.008828836,0.042533252,0.043143917,0.087560944,0.99522454,0.26154897,-0.077605784,-4.615126,-0.042546086,-0.08805251,-1.5619594,1507.1418,976.48065,1507.1418,723.29767
9706,0.0061789546,0.9967539,-0.08027168,-0.9989986,0.009710107,0.043674413,0.044312086,0.07992145,0.99581575,0.26495847,-0.07362182,-4.64775,-0.04368831,-0.08043505,-1.5610768,1506.6617,976.4786,1506.6617,723.3556
9739,0.0055708955,0.99614114,-0.087590046,-0.9986239,0.010109582,0.0514595,0.052146416,0.08718284,0.9948266,0.26644093,-0.06896287,-4.6828647,-0.051482238,-0.087819085,-1.5606731,1506.7874,976.59076,1506.7874,723.24774
9771,8.693513e-05,0.99586797,-0.0908139,-0.99771374,0.0062237056,0.06729423,0.06758136,0.09060042,0.99359167,0.27012962,-0.06484935,-4.713169,-0.06734513,-0.09114637,-1.5645584,1506.9131,976.6616,1506.9131,723.2517
9806,0.00064248807,0.9958682,-0.09080808,-0.99744546,0.0071244077,0.07107433,0.07142762,0.090530455,0.99332887,0.27349487,-0.06071582,-4.740995,-0.07113431,-0.091164544,-1.5636538,1506.545,976.744,1506.545,723.28253
9839,0.003131448,0.9958924,-0.09049112,-0.99735993,0.009675466,0.07196884,0.07254875,0.090026855,0.99329346,0.27598315,-0.055365916,-4.7690225,-0.07203111,-0.090851314,-1.5610956,1506.6931,976.81946,1506.6931,723.32294
9873,0.0018949972,0.9960367,-0.088923566,-0.99685085,0.00893107,0.07879399,0.079275884,0.08849423,0.992917,0.28006446,-0.052603096,-4.796808,-0.07887575,-0.08931962,-1.5618373,1506.922,976.8941,1506.922,723.38885
9906,-0.0002780795,0.9962332,-0.08671326,-0.99660146,0.0068666986,0.08208627,0.0823725,0.0864414,0.9928457,0.28443617,-0.05139738,-4.8238807,-0.08217874,-0.087117046,-1.5639063,1506.7605,976.90686,1506.7605,723.3397
9939,-0.0032474103,0.9965949,-0.082390785,-0.9973076,0.0028083317,0.07327804,0.0732599,0.082406916,0.99390244,0.28918317,-0.053242188,-4.854291,-0.073343776,-0.082707144,-1.5679804,1506.5494,977.0007,1506.5494,723.3421
9973,-0.0064168465,0.9967048,-0.08085898,-0.9976953,-0.00091921765,0.0678449,0.06754702,0.081108,0.99441373,0.29397,-0.056471862,-4.8812757,-0.06789705,-0.08113472,-1.5717176,1506.729,976.91986,1506.729,723.4365
10006,-0.009632124,0.9972253,-0.07381814,-0.9975433,-0.00446013,0.06991107,0.06938784,0.074310176,0.9948182,0.2990896,-0.06178916,-4.909139,-0.06996814,-0.07406691,-1.5752674,1506.9086,976.8817,1506.9086,723.42896
10040,-0.014203335,0.99810433,-0.059885267,-0.9979801,-0.0104418555,0.06266292,0.06191881,0.06065434,0.9962365,0.30534312,-0.06918263,-4.940909,-0.062704004,-0.060039252,-1.5812589,1506.6527,976.8154,1506.6527,723.41254
10072,-0.015980437,0.9979749,-0.061568648,-0.9979873,-0.012140861,0.06223948,0.061365947,0.062439345,0.9961603,0.31122124,-0.07595916,-4.970317,-0.06227973,-0.06172744,-1.5829611,1506.8278,976.682,1506.8278,723.41864
10105,-0.016734237,0.99833465,-0.055208143,-0.9977988,-0.013130667,0.06500135,0.064168185,0.056174368,0.99635684,0.31755024,-0.081919014,-5.0005026,-0.06504721,-0.055353407,-1.5839552,1506.8278,976.60046,1506.8278,723.51544
10140,-0.012111411,0.99867433,-0.05002792,-0.99812335,-0.009071082,0.060558703,0.060024615,0.05066749,0.99691004,0.32027975,-0.0885807,-5.033883,-0.06059578,-0.050140925,-1.5798842,1506.6572,976.47833,1506.6572,723.5515
10173,-0.0072062076,0.9985977,-0.05244739,-0.9980948,-0.0039688577,0.061570022,0.061275523,0.052791167,0.9967238,0.32672766,-0.09142042,-5.06549,-0.06160899,-0.0525713,-1.5747727,1506.7513,976.35925,1506.7513,723.44446
10206,-0.006546706,0.99884653,-0.04757015,-0.99803585,-0.0035627459,0.06254365,0.062302023,0.047886178,0.9969079,0.33425477,-0.0920643,-5.097667,-0.0625845,-0.04768153,-1.5743661,1506.9803,976.38556,1506.9803,723.4738
10240,-0.009949103,0.9988752,-0.046363905,-0.9981818,-0.0071643135,0.059847422,0.059447933,0.046875037,0.9971303,0.3434977,-0.087362796,-5.1385894,-0.059883207,-0.046463873,-1.5779736,1506.5765,976.3871,1506.5765,723.497
10273,-0.0060850573,0.9987542,-0.049526434,-0.9982891,-0.0031871311,0.05838267,0.058152094,0.04979697,0.9970649,0.35047927,-0.083517335,-5.171109,-0.05841589,-0.049631435,-1.5739889,1506.8457,976.3308,1506.8457,723.5267
10306,-6.3006504e-05,0.9990007,-0.044695325,-0.9982777,0.0025592311,0.05860952,0.058665335,0.04462204,0.99727994,0.35685998,-0.07915467,-5.20275,-0.058643125,-0.04478726,-1.5682327,1506.8008,976.4676,1506.8008,723.4856
10340,0.0067884885,0.9994616,-0.032098994,-0.9980384,0.008769574,0.061985683,0.06223381,0.031615242,0.9975607,0.3649936,-0.07449459,-5.2375236,-0.062025446,-0.032166388,-1.5620097,1506.8997,976.5474,1506.8997,723.5562
10373,0.013153208,0.9993622,-0.03320129,-0.997444,0.015445669,0.06976318,0.0702315,0.032198817,0.99701095,0.3703226,-0.069729924,-5.2671423,-0.0698199,-0.033288524,-1.5553123,1506.6572,976.7114,1506.6572,723.4845
10407,0.010441395,0.99947035,-0.030825373,-0.99743485,0.012593341,0.070463315,0.070814185,0.030010568,0.997038,0.37575245,-0.065036654,-5.295057,-0.07052176,-0.030907104,-1.5581713,1506.6078,976.7735,1506.6078,723.3596
10440,0.00087072205,0.9996646,-0.025886621,-0.99721754,0.0027976173,0.07449327,0.0745407,0.025749734,0.99688554,0.38326603,-0.061649118,-5.3262157,-0.07456233,-0.025961662,-1.5679909,1506.8772,976.80206,1506.8772,723.41785
10473,-0.00055207254,0.999561,-0.029620554,-0.99691486,0.0017747179,0.07846944,0.07848756,0.029572494,0.99647635,0.3878358,-0.057500206,-5.353522,-0.07855019,-0.029716546,-1.5690161,1506.7201,976.8767,1506.7201,723.4135
10507,0.0036096016,0.9996113,-0.027646188,-0.99719846,0.0056637125,0.07458611,0.07471369,0.027299514,0.99683124,0.39172512,-0.054361783,-5.379927,-0.074655436,-0.027726963,-1.5651168,1506.6842,976.9985,1506.6842,723.35095
10540,0.0046194345,0.99974984,-0.02188852,-0.997502,0.0061497013,0.0703687,0.0704857,0.021508783,0.9972809,0.39765397,-0.056277826,-5.4167833,-0.0704269,-0.021944677,-1.5646313,1506.7336,976.9904,1506.7336,723.3618
10573,0.0045643905,0.9997314,-0.022721944,-0.99747777,0.0061612274,0.07071109,0.0708321,0.022341885,0.997238,0.4015291,-0.057502545,-5.4455614,-0.07077015,-0.022780934,-1.5646195,1506.8098,976.98926,1506.8098,723.3024
10607,0.006811146,0.9995569,-0.02897978,-0.9973284,0.008898054,0.072504394,0.07273012,0.028408524,0.99694705,0.40498194,-0.06045192,-5.4739323,-0.07256807,-0.029060341,-1.5618746,1506.8278,976.9405,1506.8278,723.2809
10640,0.0023656187,0.9996734,-0.025444873,-0.99792755,0.003996168,0.064223036,0.06430375,0.025240213,0.9976112,0.40911847,-0.06632406,-5.509005,-0.06426727,-0.025500271,-1.5667919,1506.7065,976.9601,1506.7065,723.20703
10673,-0.002144387,0.99964166,-0.026683588,-0.9986533,-0.00075757987,0.05187424,0.051835436,0.026758892,0.99829704,0.4125511,-0.07206566,-5.5380926,-0.051897533,-0.026722744,-1.5715549,1506.6213,976.79065,1506.6213,723.2284
10706,-0.0005979624,0.99938494,-0.035064556,-0.9986884,0.0011983461,0.051185228,0.051195756,0.035049178,0.99807346,0.41537103,-0.07784739,-5.5680647,-0.051207606,-0.035117798,-1.5695964,1506.895,976.71387,1506.895,723.2038
10740,0.0043198355,0.9993072,-0.036967937,-0.9985349,0.006304619,0.05374235,0.053938176,0.036681622,0.99787027,0.41879576,-0.084381096,-5.6060915,-0.053768255,-0.037029903,-1.5644826,1506.895,976.60345,1506.895,723.20465
10773,0.012109465,0.99910516,-0.040524848,-0.99883306,0.01398122,0.046227805,0.046753023,0.039917767,0.99810857,0.4205361,-0.08744888,-5.6373305,-0.046244286,-0.040579356,-1.5567997,1506.6393,976.4863,1506.6393,723.2397
10806,0.016428588,0.9989222,-0.043409914,-0.9992806,0.017887603,0.033438228,0.034178693,0.04282935,0.99849755,0.42211914,-0.08814438,-5.668116,-0.033444464,-0.043447874,-1.5528978,1506.6752,976.46466,1506.6752,723.18427
10840,0.017256355,0.9986192,-0.049618673,-0.9995579,0.018431744,0.023329187,0.02421153,0.049194165,0.99849576,0.42457974,-0.086397074,-5.7063093,-0.023331303,-0.04965258,-1.5523585,1506.7201,976.3511,1506.7201,723.1283
10873,0.018563557,0.99810284,-0.058703437,-0.99942344,0.02019322,0.027290596,0.028424233,0.058162995,0.99790233,0.42606452,-0.08375287,-5.7399173,-0.027293984,-0.05875912,-1.5505942,1506.9086,976.3112,1506.9086,723.1528
10907,0.020131744,0.9977364,-0.064163215,-0.99887633,0.022825753,0.0415341,0.042904653,0.06325497,0.9970747,0.42823902,-0.080225036,-5.773179,-0.04154605,-0.06426285,-1.5479488,1506.9131,976.4861,1506.9131,723.0587
10940,0.020304343,0.9981162,-0.057896078,-0.9987247,0.022925852,0.04498078,0.046223354,0.056908946,0.9973088,0.4326322,-0.07517518,-5.8116846,-0.04499596,-0.057987228,-1.5478452,1506.6752,976.5283,1506.6752,723.1664
10974,0.015015612,0.9984903,-0.052838795,-0.9983984,0.017854994,0.05368159,0.054543972,0.05194811,0.9971591,0.435323,-0.07038313,-5.8427095,-0.053707406,-0.052939817,-1.5529146,1506.9758,976.5752,1506.9758,723.17786
11007,0.010224874,0.99799937,-0.062392954,-0.99776983,0.014298596,0.06519833,0.06596002,0.061587162,0.9959198,0.4376848,-0.06541514,-5.8702097,-0.065244615,-0.0625668,-1.5564667,1506.6976,976.67334,1506.6976,723.1836
11040,0.012372287,0.99709094,-0.07521167,-0.9979109,0.017082227,0.062305376,0.0634089,0.07428369,0.9952192,0.43898636,-0.060284108,-5.896974,-0.062345758,-0.07542959,-1.5536801,1506.4553,976.73486,1506.4553,723.193
11074,0.017170439,0.997081,-0.07439608,-0.99790347,0.021733178,0.060961485,0.0624004,0.07319337,0.9953638,0.440614,-0.056437667,-5.9225793,-0.060999308,-0.074603885,-1.5490209,1506.7426,976.82306,1506.7426,723.2683
11106,0.01809734,0.9974904,-0.06845126,-0.99719745,0.022977892,0.07119812,0.0725923,0.06697094,0.99511063,0.44270056,-0.054140493,-5.949383,-0.07125841,-0.0686794,-1.547758,1506.9894,976.8691,1506.9894,723.26056
11140,0.012307075,0.99767584,-0.067018546,-0.99678385,0.017548569,0.078191586,0.079185925,0.0658407,0.99468315,0.44710955,-0.05395108,-5.9789476,-0.07827148,-0.0672751,-1.553193,1506.5989,976.98346,1506.5989,723.2641
11173,0.016022816,0.9982908,-0.05620416,-0.99673724,0.020394633,0.0780944,0.07910717,0.054769497,0.9953604,0.4484668,-0.05514482,-6.0060205,-0.078173995,-0.05640624,-1.5503378,1506.7695,976.8292,1506.7695,723.41284
11206,0.033414755,0.9982919,-0.04792575,-0.99564254,0.0374265,0.08541165,0.08705945,0.04486291,0.99519247,0.4482231,-0.05739639,-6.0333347,-0.08551584,-0.048120093,-1.5332237,1506.8413,976.79645,1506.8413,723.3971
11240,0.040519804,0.9977436,-0.05353463,-0.99421966,0.045592234,0.09720381,0.09942524,0.04928651,0.99382365,0.4498395,-0.06250658,-6.0641527,-0.09735754,-0.053815324,-1.5249711,1506.738,976.8575,1506.738,723.37744
11274,0.038314797,0.9982723,-0.0445474,-0.9942884,0.04253,0.09788575,0.099611215,0.0405425,0.99420017,0.45209852,-0.06861706,-6.091056,-0.09804275,-0.044777326,-1.528048,1506.7739,976.78723,1506.7739,723.37665
11307,0.034921087,0.9988204,-0.033738676,-0.9948115,0.037969075,0.094383836,0.09555353,0.03026764,0.994964,0.4552429,-0.07531905,-6.1172886,-0.09452453,-0.033896457,-1.5326477,1506.711,976.6566,1506.711,723.36426
11340,0.032817278,0.9988544,-0.034828126,-0.99448293,0.036107715,0.09848715,0.09963188,0.0314039,0.99452865,0.46315047,-0.08188226,-6.151022,-0.098647065,-0.035005428,-1.5345043,1506.7828,976.53937,1506.7828,723.4388
11373,0.031586055,0.99871945,-0.039521184,-0.99402237,0.03552274,0.10323587,0.104507565,0.03602413,0.99387145,0.46807373,-0.08810876,-6.1778336,-0.10342013,-0.039743945,-1.5350752,1506.7065,976.4983,1506.7065,723.3781
11407,0.024588445,0.9988404,-0.041393403,-0.9935483,0.029001774,0.109639026,0.11071236,0.038430497,0.9931092,0.47349143,-0.09340452,-6.204147,-0.10985988,-0.0416565,-1.5416145,1506.8682,976.3272,1506.8682,723.4878
11441,0.01772596,0.99914837,-0.037260707,-0.99397326,0.021641785,0.107465066,0.108179934,0.035131227,0.9935104,0.4796086,-0.092811726,-6.2446084,-0.107673,-0.037486523,-1.5490267,1506.7605,976.22516,1506.7605,723.5349
11474,0.014073459,0.99961185,-0.024045441,-0.9950049,0.016377354,0.09847329,0.09882887,0.022539474,0.9948492,0.48398286,-0.0946458,-6.2720585,-0.09863313,-0.02416523,-1.5543382,1506.738,976.2313,1506.738,723.6765
11507,0.012283385,0.99977267,-0.017426105,-0.99486655,0.013970048,0.1002257,0.100446366,0.016105542,0.994812,0.48763245,-0.095564395,-6.298218,-0.100394264,-0.017515192,-1.5567551,1506.8502,976.20746,1506.8502,723.655
11540,0.010622221,0.9997223,-0.02104016,-0.99458814,0.012737777,0.10311247,0.103351824,0.019831013,0.9944471,0.4917599,-0.09501844,-6.334403,-0.103296064,-0.02115449,-1.55799,1506.6437,976.276,1506.6437,723.6719
11573,0.015871903,0.9996627,-0.020559123,-0.9925618,0.018234655,0.12036779,0.120702066,0.018495737,0.9925165,0.4940294,-0.09384178,-6.3608146,-0.12066036,-0.020711174,-1.552427,1507.0612,976.3056,1507.0612,723.7168
11608,0.026833998,0.99938214,-0.022704456,-0.98943603,0.029790161,0.14187628,0.14246498,0.0186575,0.989624,0.49504793,-0.09127629,-6.384546,-0.14235662,-0.022938482,-1.5406972,1506.7964,976.3918,1506.7964,723.75024
11641,0.034685843,0.99904895,-0.026425151,-0.98906976,0.03810693,0.14243893,0.14331043,0.021195708,0.98945075,0.49737024,-0.08711172,-6.4142575,-0.14292504,-0.026700541,-1.5322874,1506.5315,976.4947,1506.5315,723.5963
11674,0.03463037,0.9991083,-0.024155295,-0.9896148,0.03765525,0.1387249,0.13951075,0.019100344,0.9900364,0.49934107,-0.08394398,-6.4346275,-0.13917375,-0.02439355,-1.5327643,1506.7201,976.54224,1506.7201,723.60675
11708,0.03455813,0.9992224,-0.018986601,-0.98920095,0.03690674,0.14184238,0.1424328,0.013879758,0.9897072,0.500944,-0.08129825,-6.4537845,-0.14232236,-0.019181706,-1.533504,1506.8323,976.59937,1506.8323,723.58887
11741,0.036814746,0.9991914,-0.016169773,-0.9890117,0.03874847,0.14266852,0.1431797,0.010739792,0.98963845,0.5029883,-0.077584475,-6.4816875,-0.14315699,-0.016337618,-1.5316374,1506.6796,976.6995,1506.6796,723.51794
